,Name,Type,County,Population (2020)[1],Population (2010)[9],Change,Land area[10],Population density[10],Incorporated[8]
0,Adelanto,City,San Bernardino,38046,31765,+19.8%,52.87 sq mi (136.9 km2),719.6/sq mi (277.8/km2),"December 22, 1970"
1,Agoura Hills,City,Los Angeles,20299,20330,−0.2%,7.80 sq mi (20.2 km2),"2,602.4/sq mi (1,004.8/km2)","December 8, 1982"
2,Alameda,City,Alameda,78280,73812,+6.1%,10.45 sq mi (27.1 km2),"7,490.9/sq mi (2,892.3/km2)","April 19, 1854"
3,Albany,City,Alameda,20271,18539,+9.3%,1.79 sq mi (4.6 km2),"11,324.6/sq mi (4,372.4/km2)","September 22, 1908"
4,Alhambra,City,Los Angeles,82868,83089,−0.3%,7.63 sq mi (19.8 km2),"10,860.8/sq mi (4,193.4/km2)","July 11, 1903"
5,Aliso Viejo,City,Orange,52176,47823,+9.1%,6.93 sq mi (17.9 km2),"7,529.0/sq mi (2,907.0/km2)","July 1, 2001"
6,Alturas†,City,Modoc,2715,2827,−4.0%,2.84 sq mi (7.4 km2),956.0/sq mi (369.1/km2),"September 16, 1901"
7,Amador City,City,Amador,200,185,+8.1%,0.31 sq mi (0.80 km2),645.2/sq mi (249.1/km2),"June 2, 1915"
8,American Canyon,City,Napa,21837,19454,+12.2%,6.09 sq mi (15.8 km2),"3,585.7/sq mi (1,384.5/km2)","January 1, 1992"
9,Anaheim,City,Orange,346824,336265,+3.1%,50.27 sq mi (130.2 km2),"6,899.2/sq mi (2,663.8/km2)","March 18, 1876"
10,Anderson,City,Shasta,11323,9932,+14.0%,7.03 sq mi (18.2 km2),"1,610.7/sq mi (621.9/km2)","January 16, 1956"
11,Angels Camp,City,Calaveras,3667,3836,−4.4%,3.63 sq mi (9.4 km2),"1,010.2/sq mi (390.0/km2)","January 16, 1912"
12,Antioch,City,Contra Costa,115291,102372,+12.6%,29.17 sq mi (75.5 km2),"3,952.4/sq mi (1,526.0/km2)","February 6, 1872"
13,Apple Valley,Town,San Bernardino,75791,69135,+9.6%,77.01 sq mi (199.5 km2),984.2/sq mi (380.0/km2),"November 28, 1988"
14,Arcadia,City,Los Angeles,56681,56364,+0.6%,10.93 sq mi (28.3 km2),"5,185.8/sq mi (2,002.3/km2)","August 5, 1903"
15,Arcata,City,Humboldt,18857,17231,+9.4%,9.42 sq mi (24.4 km2),"2,001.8/sq mi (772.9/km2)","February 2, 1858"
16,Arroyo Grande,City,San Luis Obispo,18441,17252,+6.9%,5.94 sq mi (15.4 km2),"3,104.5/sq mi (1,198.7/km2)","July 10, 1911"
17,Artesia,City,Los Angeles,16395,16522,−0.8%,1.62 sq mi (4.2 km2),"10,120.4/sq mi (3,907.5/km2)","May 29, 1959"
18,Arvin,City,Kern,19495,19304,+1.0%,4.82 sq mi (12.5 km2),"4,044.6/sq mi (1,561.6/km2)","December 21, 1960"
19,Atascadero,City,San Luis Obispo,29773,28310,+5.2%,26.07 sq mi (67.5 km2),"1,142.0/sq mi (440.9/km2)","July 2, 1979"
20,Atherton,Town,San Mateo,7188,6914,+4.0%,5.02 sq mi (13.0 km2),"1,431.9/sq mi (552.8/km2)","September 12, 1923"
21,Atwater,City,Merced,31970,28168,+13.5%,6.57 sq mi (17.0 km2),"4,866.1/sq mi (1,878.8/km2)","August 16, 1922"
22,Auburn†,City,Placer,13776,13330,+3.3%,7.18 sq mi (18.6 km2),"1,918.7/sq mi (740.8/km2)","May 2, 1888"
23,Avalon,City,Los Angeles,3460,3728,−7.2%,2.89 sq mi (7.5 km2),"1,197.2/sq mi (462.3/km2)","June 26, 1913"
24,Avenal,City,Kings,13696,15505,−11.7%,19.48 sq mi (50.5 km2),703.1/sq mi (271.5/km2),"September 11, 1979"
25,Azusa,City,Los Angeles,50000,46361,+7.8%,9.66 sq mi (25.0 km2),"5,176.0/sq mi (1,998.5/km2)","December 29, 1898"
26,Bakersfield†,City,Kern,403455,347483,+16.1%,149.78 sq mi (387.9 km2),"2,693.7/sq mi (1,040.0/km2)","January 11, 1898"
27,Baldwin Park,City,Los Angeles,72176,75390,−4.3%,6.63 sq mi (17.2 km2),"10,886.3/sq mi (4,203.2/km2)","January 25, 1956"
28,Banning,City,Riverside,29505,29603,−0.3%,23.24 sq mi (60.2 km2),"1,269.6/sq mi (490.2/km2)","February 6, 1913"
29,Barstow,City,San Bernardino,25415,22639,+12.3%,41.30 sq mi (107.0 km2),615.4/sq mi (237.6/km2),"September 30, 1947"
30,Beaumont,City,Riverside,53036,36877,+43.8%,30.32 sq mi (78.5 km2),"1,749.2/sq mi (675.4/km2)","November 18, 1912"
31,Bell,City,Los Angeles,33559,35477,−5.4%,2.51 sq mi (6.5 km2),"13,370.1/sq mi (5,162.2/km2)","November 7, 1927"
32,Bell Gardens,City,Los Angeles,39501,42072,−6.1%,2.46 sq mi (6.4 km2),"16,057.3/sq mi (6,199.8/km2)","August 1, 1961"
33,Bellflower,City,Los Angeles,79190,76616,+3.4%,6.12 sq mi (15.9 km2),"12,939.5/sq mi (4,996.0/km2)","September 3, 1957"
34,Belmont,City,San Mateo,28335,25835,+9.7%,4.63 sq mi (12.0 km2),"6,119.9/sq mi (2,362.9/km2)","October 29, 1926"
35,Belvedere,City,Marin,2126,2068,+2.8%,0.52 sq mi (1.3 km2),"4,088.5/sq mi (1,578.6/km2)","December 24, 1896"
36,Benicia,City,Solano,27131,26997,+0.5%,12.81 sq mi (33.2 km2),"2,118.0/sq mi (817.7/km2)","March 27, 1850"
37,Berkeley,City,Alameda,124321,112580,+10.4%,10.43 sq mi (27.0 km2),"11,919.6/sq mi (4,602.2/km2)","April 4, 1878"
38,Beverly Hills,City,Los Angeles,32701,34109,−4.1%,5.71 sq mi (14.8 km2),"5,727.0/sq mi (2,211.2/km2)","January 28, 1914"
39,Big Bear Lake,City,San Bernardino,5046,5019,+0.5%,6.24 sq mi (16.2 km2),808.7/sq mi (312.2/km2),"November 28, 1980"
40,Biggs,City,Butte,1964,1707,+15.1%,0.90 sq mi (2.3 km2),"2,182.2/sq mi (842.6/km2)","June 26, 1903"
41,Bishop,City,Inyo,3819,3879,−1.5%,1.86 sq mi (4.8 km2),"2,053.2/sq mi (792.8/km2)","May 6, 1903"
42,Blue Lake,City,Humboldt,1208,1253,−3.6%,0.59 sq mi (1.5 km2),"2,047.5/sq mi (790.5/km2)","April 23, 1910"
43,Blythe,City,Riverside,18317,20817,−12.0%,26.58 sq mi (68.8 km2),689.1/sq mi (266.1/km2),"July 21, 1916"
44,Bradbury,City,Los Angeles,921,1048,−12.1%,1.96 sq mi (5.1 km2),469.9/sq mi (181.4/km2),"July 26, 1957"
45,Brawley,City,Imperial,26416,24953,+5.9%,8.12 sq mi (21.0 km2),"3,253.2/sq mi (1,256.1/km2)","April 6, 1908"
46,Brea,City,Orange,47325,39282,+20.5%,12.17 sq mi (31.5 km2),"3,888.7/sq mi (1,501.4/km2)","February 23, 1917"
47,Brentwood,City,Contra Costa,64292,51481,+24.9%,14.87 sq mi (38.5 km2),"4,323.6/sq mi (1,669.4/km2)","January 21, 1948"
48,Brisbane,City,San Mateo,4851,4282,+13.3%,2.99 sq mi (7.7 km2),"1,622.4/sq mi (626.4/km2)","November 27, 1961"
49,Buellton,City,Santa Barbara,5161,4828,+6.9%,1.58 sq mi (4.1 km2),"3,266.5/sq mi (1,261.2/km2)","February 1, 1992"
50,Buena Park,City,Orange,84034,80530,+4.4%,10.53 sq mi (27.3 km2),"7,980.4/sq mi (3,081.3/km2)","January 27, 1953"
51,Burbank,City,Los Angeles,107337,103340,+3.9%,17.32 sq mi (44.9 km2),"6,197.3/sq mi (2,392.8/km2)","July 8, 1911"
52,Burlingame,City,San Mateo,31386,28806,+9.0%,4.39 sq mi (11.4 km2),"7,149.4/sq mi (2,760.4/km2)","June 6, 1908"
53,Calabasas,City,Los Angeles,23241,23058,+0.8%,13.71 sq mi (35.5 km2),"1,695.2/sq mi (654.5/km2)","April 5, 1991"
54,Calexico,City,Imperial,38633,38572,+0.2%,8.62 sq mi (22.3 km2),"4,481.8/sq mi (1,730.4/km2)","April 16, 1908"
55,California City,City,Kern,14973,14120,+6.0%,203.61 sq mi (527.3 km2),73.5/sq mi (28.4/km2),"December 10, 1965"
56,Calimesa,City,Riverside,10026,7879,+27.2%,14.86 sq mi (38.5 km2),674.7/sq mi (260.5/km2),"December 1, 1990"
57,Calipatria,City,Imperial,6515,7705,−15.4%,3.70 sq mi (9.6 km2),"1,760.8/sq mi (679.9/km2)","February 28, 1919"
58,Calistoga,City,Napa,5228,5155,+1.4%,2.58 sq mi (6.7 km2),"2,026.4/sq mi (782.4/km2)","January 6, 1886"
59,Camarillo,City,Ventura,70741,65201,+8.5%,19.69 sq mi (51.0 km2),"3,592.7/sq mi (1,387.2/km2)","March 28, 1964"
60,Campbell,City,Santa Clara,43959,39349,+11.7%,6.08 sq mi (15.7 km2),"7,230.1/sq mi (2,791.6/km2)","March 28, 1952"
61,Canyon Lake,City,Riverside,11082,10561,+4.9%,3.92 sq mi (10.2 km2),"2,827.0/sq mi (1,091.5/km2)","December 1, 1990"
62,Capitola,City,Santa Cruz,9938,9918,+0.2%,1.59 sq mi (4.1 km2),"6,250.3/sq mi (2,413.3/km2)","January 11, 1949"
63,Carlsbad,City,San Diego,114746,105328,+8.9%,37.77 sq mi (97.8 km2),"3,038.0/sq mi (1,173.0/km2)","July 16, 1952"
64,Carmel-by-the-Sea,City,Monterey,3220,3722,−13.5%,1.06 sq mi (2.7 km2),"3,037.7/sq mi (1,172.9/km2)","October 31, 1916"
65,Carpinteria,City,Santa Barbara,13264,13040,+1.7%,2.59 sq mi (6.7 km2),"5,121.2/sq mi (1,977.3/km2)","September 28, 1965"
66,Carson,City,Los Angeles,95558,91714,+4.2%,18.73 sq mi (48.5 km2),"5,101.9/sq mi (1,969.8/km2)","February 20, 1968"
67,Cathedral City,City,Riverside,51493,51200,+0.6%,22.49 sq mi (58.2 km2),"2,289.6/sq mi (884.0/km2)","November 16, 1981"
68,Ceres,City,Stanislaus,49302,45417,+8.6%,9.50 sq mi (24.6 km2),"5,189.7/sq mi (2,003.7/km2)","February 25, 1918"
69,Cerritos,City,Los Angeles,49578,49041,+1.1%,8.73 sq mi (22.6 km2),"5,679.0/sq mi (2,192.7/km2)","April 24, 1956"
70,Chico,City,Butte,101475,86187,+17.7%,34.14 sq mi (88.4 km2),"2,972.3/sq mi (1,147.6/km2)","January 8, 1872"
71,Chino,City,San Bernardino,91403,77983,+17.2%,29.61 sq mi (76.7 km2),"3,086.9/sq mi (1,191.9/km2)","February 28, 1910"
72,Chino Hills,City,San Bernardino,78411,74799,+4.8%,44.65 sq mi (115.6 km2),"1,756.1/sq mi (678.0/km2)","December 1, 1991"
73,Chowchilla,City,Madera,19039,18720,+1.7%,11.09 sq mi (28.7 km2),"1,716.8/sq mi (662.8/km2)","February 7, 1923"
74,Chula Vista,City,San Diego,275487,243916,+12.9%,49.64 sq mi (128.6 km2),"5,549.7/sq mi (2,142.8/km2)","November 28, 1911"
75,Citrus Heights,City,Sacramento,87583,83301,+5.1%,14.22 sq mi (36.8 km2),"6,159.1/sq mi (2,378.1/km2)","January 1, 1997"
76,Claremont,City,Los Angeles,37266,34926,+6.7%,13.34 sq mi (34.6 km2),"2,793.6/sq mi (1,078.6/km2)","October 3, 1907"
77,Clayton,City,Contra Costa,11070,10897,+1.6%,3.84 sq mi (9.9 km2),"2,882.8/sq mi (1,113.1/km2)","March 18, 1964"
78,Clearlake,City,Lake,16685,15250,+9.4%,10.13 sq mi (26.2 km2),"1,647.1/sq mi (635.9/km2)","November 14, 1980"
79,Cloverdale,City,Sonoma,8996,8618,+4.4%,3.14 sq mi (8.1 km2),"2,865.0/sq mi (1,106.2/km2)","February 28, 1872"
80,Clovis,City,Fresno,120124,95631,+25.6%,25.42 sq mi (65.8 km2),"4,725.6/sq mi (1,824.6/km2)","February 27, 1912"
81,Coachella,City,Riverside,41941,40704,+3.0%,30.08 sq mi (77.9 km2),"1,394.3/sq mi (538.3/km2)","December 13, 1946"
82,Coalinga,City,Fresno,17590,13380,+31.5%,6.85 sq mi (17.7 km2),"2,567.9/sq mi (991.5/km2)","April 3, 1906"
83,Colfax,City,Placer,1995,1963,+1.6%,1.41 sq mi (3.7 km2),"1,414.9/sq mi (546.3/km2)","February 23, 1910"
84,Colma,Town,San Mateo,1507,1792,−15.9%,1.89 sq mi (4.9 km2),797.4/sq mi (307.9/km2),"August 5, 1924"
85,Colton,City,San Bernardino,53909,52154,+3.4%,15.55 sq mi (40.3 km2),"3,466.8/sq mi (1,338.5/km2)","July 11, 1887"
86,Colusa†,City,Colusa,6411,5971,+7.4%,3.42 sq mi (8.9 km2),"1,874.6/sq mi (723.8/km2)","June 16, 1868"
87,Commerce,City,Los Angeles,12378,12823,−3.5%,6.53 sq mi (16.9 km2),"1,895.6/sq mi (731.9/km2)","January 28, 1960"
88,Compton,City,Los Angeles,95740,96455,−0.7%,10.03 sq mi (26.0 km2),"9,545.4/sq mi (3,685.5/km2)","May 11, 1888"
89,Concord,City,Contra Costa,125410,122067,+2.7%,30.55 sq mi (79.1 km2),"4,105.1/sq mi (1,585.0/km2)","February 9, 1905"
90,Corcoran,City,Kings,22339,24813,−10.0%,7.46 sq mi (19.3 km2),"2,994.5/sq mi (1,156.2/km2)","August 11, 1914"
91,Corning,City,Tehama,8244,7663,+7.6%,3.55 sq mi (9.2 km2),"2,322.3/sq mi (896.6/km2)","August 6, 1907"
92,Corona,City,Riverside,157136,152374,+3.1%,39.94 sq mi (103.4 km2),"3,934.3/sq mi (1,519.0/km2)","July 13, 1896"
93,Coronado,City,San Diego,20192,18912,+6.8%,7.81 sq mi (20.2 km2),"2,585.4/sq mi (998.2/km2)","December 11, 1890"
94,Corte Madera,Town,Marin,10222,9253,+10.5%,3.16 sq mi (8.2 km2),"3,234.8/sq mi (1,249.0/km2)","June 10, 1916"
95,Costa Mesa,City,Orange,111918,109960,+1.8%,15.81 sq mi (40.9 km2),"7,078.9/sq mi (2,733.2/km2)","June 29, 1953"
96,Cotati,City,Sonoma,7584,7265,+4.4%,1.87 sq mi (4.8 km2),"4,055.6/sq mi (1,565.9/km2)","July 16, 1963"
97,Covina,City,Los Angeles,51268,47796,+7.3%,7.04 sq mi (18.2 km2),"7,282.4/sq mi (2,811.7/km2)","August 14, 1901"
98,Crescent City†,City,Del Norte,6673,7643,−12.7%,1.96 sq mi (5.1 km2),"3,404.6/sq mi (1,314.5/km2)","April 13, 1854"
99,Cudahy,City,Los Angeles,22811,23805,−4.2%,1.18 sq mi (3.1 km2),"19,331.4/sq mi (7,463.9/km2)","November 10, 1960"
100,Culver City,City,Los Angeles,40779,38883,+4.9%,5.11 sq mi (13.2 km2),"7,980.2/sq mi (3,081.2/km2)","September 7, 1917"
101,Cupertino,City,Santa Clara,60381,58302,+3.6%,11.33 sq mi (29.3 km2),"5,329.3/sq mi (2,057.7/km2)","October 10, 1955"
102,Cypress,City,Orange,50151,47802,+4.9%,6.61 sq mi (17.1 km2),"7,587.1/sq mi (2,929.4/km2)","July 24, 1956"
103,Daly City,City,San Mateo,104901,101123,+3.7%,7.64 sq mi (19.8 km2),"13,730.5/sq mi (5,301.4/km2)","March 22, 1911"
104,Dana Point,City,Orange,33107,33351,−0.7%,6.49 sq mi (16.8 km2),"5,101.2/sq mi (1,969.6/km2)","January 1, 1989"
105,Danville,Town,Contra Costa,43582,42039,+3.7%,18.08 sq mi (46.8 km2),"2,410.5/sq mi (930.7/km2)","July 1, 1982"
106,Davis,City,Yolo,66850,65622,+1.9%,9.97 sq mi (25.8 km2),"6,705.1/sq mi (2,588.9/km2)","March 28, 1917"
107,Del Mar,City,San Diego,3954,4161,−5.0%,1.72 sq mi (4.5 km2),"2,298.8/sq mi (887.6/km2)","July 15, 1959"
108,Del Rey Oaks,City,Monterey,1592,1624,−2.0%,1.05 sq mi (2.7 km2),"1,516.2/sq mi (585.4/km2)","September 3, 1953"
109,Delano,City,Kern,51428,53041,−3.0%,14.72 sq mi (38.1 km2),"3,493.8/sq mi (1,348.9/km2)","April 13, 1915"
110,Desert Hot Springs,City,Riverside,32512,25938,+25.3%,30.27 sq mi (78.4 km2),"1,074.1/sq mi (414.7/km2)","September 25, 1963"
111,Diamond Bar,City,Los Angeles,55072,55544,−0.8%,14.87 sq mi (38.5 km2),"3,703.6/sq mi (1,430.0/km2)","April 18, 1989"
112,Dinuba,City,Tulare,24563,21453,+14.5%,6.51 sq mi (16.9 km2),"3,773.1/sq mi (1,456.8/km2)","January 6, 1906"
113,Dixon,City,Solano,18988,18351,+3.5%,7.10 sq mi (18.4 km2),"2,674.4/sq mi (1,032.6/km2)","March 30, 1878"
114,Dorris,City,Siskiyou,860,939,−8.4%,0.70 sq mi (1.8 km2),"1,228.6/sq mi (474.4/km2)","December 23, 1908"
115,Dos Palos,City,Merced,5798,4950,+17.1%,1.35 sq mi (3.5 km2),"4,294.8/sq mi (1,658.2/km2)","May 24, 1935"
116,Downey,City,Los Angeles,114355,111772,+2.3%,12.41 sq mi (32.1 km2),"9,214.7/sq mi (3,557.8/km2)","December 17, 1956"
117,Duarte,City,Los Angeles,21727,21321,+1.9%,6.71 sq mi (17.4 km2),"3,238.0/sq mi (1,250.2/km2)","August 22, 1957"
118,Dublin,City,Alameda,72589,46036,+57.7%,15.23 sq mi (39.4 km2),"4,766.2/sq mi (1,840.2/km2)","February 1, 1982"
119,Dunsmuir,City,Siskiyou,1707,1650,+3.5%,1.60 sq mi (4.1 km2),"1,066.9/sq mi (411.9/km2)","August 7, 1909"
120,East Palo Alto,City,San Mateo,30034,28155,+6.7%,2.53 sq mi (6.6 km2),"11,871.1/sq mi (4,583.5/km2)","July 1, 1983"
121,Eastvale,City,Riverside[11],69757,53670,+30.0%,12.67 sq mi (32.8 km2)[11],"5,505.7/sq mi (2,125.8/km2)","October 1, 2010"
122,El Cajon,City,San Diego,106215,99478,+6.8%,14.51 sq mi (37.6 km2),"7,320.1/sq mi (2,826.3/km2)","November 12, 1912"
123,El Centro†,City,Imperial,44322,42598,+4.0%,11.84 sq mi (30.7 km2),"3,743.4/sq mi (1,445.3/km2)","April 16, 1908"
124,El Cerrito,City,Contra Costa,25962,23549,+10.2%,3.67 sq mi (9.5 km2),"7,074.1/sq mi (2,731.3/km2)","August 23, 1917"
125,El Monte,City,Los Angeles,109450,113475,−3.5%,9.56 sq mi (24.8 km2),"11,448.7/sq mi (4,420.4/km2)","November 18, 1912"
126,El Segundo,City,Los Angeles,17272,16654,+3.7%,5.46 sq mi (14.1 km2),"3,163.4/sq mi (1,221.4/km2)","January 18, 1917"
127,Elk Grove,City,Sacramento,176124,153015,+15.1%,41.99 sq mi (108.8 km2),"4,194.4/sq mi (1,619.5/km2)","July 1, 2000"
128,Emeryville,City,Alameda,12905,10080,+28.0%,1.27 sq mi (3.3 km2),"10,161.4/sq mi (3,923.3/km2)","December 8, 1896"
129,Encinitas,City,San Diego,62007,59518,+4.2%,19.06 sq mi (49.4 km2),"3,253.3/sq mi (1,256.1/km2)","October 1, 1986"
130,Escalon,City,San Joaquin,7472,7132,+4.8%,2.28 sq mi (5.9 km2),"3,277.2/sq mi (1,265.3/km2)","March 12, 1957"
131,Escondido,City,San Diego,151038,143911,+5.0%,37.35 sq mi (96.7 km2),"4,043.9/sq mi (1,561.3/km2)","October 8, 1888"
132,Etna,City,Siskiyou,678,737,−8.0%,0.76 sq mi (2.0 km2),892.1/sq mi (344.4/km2),"March 13, 1878"
133,Eureka†,City,Humboldt,26512,27191,−2.5%,9.54 sq mi (24.7 km2),"2,779.0/sq mi (1,073.0/km2)","April 18, 1856"
134,Exeter,City,Tulare,10321,10334,−0.1%,2.46 sq mi (6.4 km2),"4,195.5/sq mi (1,619.9/km2)","March 2, 1911"
135,Fairfax,Town,Marin,7605,7441,+2.2%,2.23 sq mi (5.8 km2),"3,410.3/sq mi (1,316.7/km2)","March 2, 1931"
136,Fairfield†,City,Solano,119881,105321,+13.8%,41.59 sq mi (107.7 km2),"2,882.4/sq mi (1,112.9/km2)","December 12, 1903"
137,Farmersville,City,Tulare,10397,10588,−1.8%,2.20 sq mi (5.7 km2),"4,725.9/sq mi (1,824.7/km2)","October 5, 1960"
138,Ferndale,City,Humboldt,1398,1371,+2.0%,1.20 sq mi (3.1 km2),"1,165.0/sq mi (449.8/km2)","August 28, 1893"
139,Fillmore,City,Ventura,16419,15002,+9.4%,3.30 sq mi (8.5 km2),"4,975.5/sq mi (1,921.0/km2)","July 10, 1914"
140,Firebaugh,City,Fresno,8096,7549,+7.2%,3.52 sq mi (9.1 km2),"2,300.0/sq mi (888.0/km2)","September 17, 1914"
141,Folsom,City,Sacramento,80454,72203,+11.4%,27.88 sq mi (72.2 km2),"2,885.7/sq mi (1,114.2/km2)","April 20, 1946"
142,Fontana,City,San Bernardino,208393,196069,+6.3%,43.07 sq mi (111.6 km2),"4,838.5/sq mi (1,868.1/km2)","June 25, 1952"
143,Fort Bragg,City,Mendocino,6983,7273,−4.0%,2.90 sq mi (7.5 km2),"2,407.9/sq mi (929.7/km2)","August 5, 1889"
144,Fort Jones,Town,Siskiyou,695,839,−17.2%,0.60 sq mi (1.6 km2),"1,158.3/sq mi (447.2/km2)","March 16, 1872"
145,Fortuna,City,Humboldt,12516,11926,+4.9%,5.25 sq mi (13.6 km2),"2,384.0/sq mi (920.5/km2)","January 20, 1906"
146,Foster City,City,San Mateo,33805,30567,+10.6%,3.79 sq mi (9.8 km2),"8,919.5/sq mi (3,443.8/km2)","April 27, 1971"
147,Fountain Valley,City,Orange,57047,55313,+3.1%,9.07 sq mi (23.5 km2),"6,289.6/sq mi (2,428.4/km2)","June 13, 1957"
148,Fowler,City,Fresno,6700,5570,+20.3%,2.53 sq mi (6.6 km2),"2,648.2/sq mi (1,022.5/km2)","June 15, 1908"
149,Fremont,City,Alameda,230504,214089,+7.7%,78.31 sq mi (202.8 km2),"2,943.5/sq mi (1,136.5/km2)","January 23, 1956"
150,Fresno†,City,Fresno,542107,494665,+9.6%,115.18 sq mi (298.3 km2),"4,706.6/sq mi (1,817.2/km2)","October 12, 1885"
151,Fullerton,City,Orange,143617,135161,+6.3%,22.42 sq mi (58.1 km2),"6,405.8/sq mi (2,473.3/km2)","February 15, 1904"
152,Galt,City,Sacramento,25383,23647,+7.3%,7.15 sq mi (18.5 km2),"3,550.1/sq mi (1,370.7/km2)","August 16, 1946"
153,Garden Grove,City,Orange,171949,170883,+0.6%,17.96 sq mi (46.5 km2),"9,574.0/sq mi (3,696.5/km2)","June 18, 1956"
154,Gardena,City,Los Angeles,61027,58829,+3.7%,5.83 sq mi (15.1 km2),"10,467.8/sq mi (4,041.6/km2)","September 11, 1930"
155,Gilroy,City,Santa Clara,59520,48821,+21.9%,16.54 sq mi (42.8 km2),"3,598.5/sq mi (1,389.4/km2)","March 12, 1870"
156,Glendale,City,Los Angeles,196543,191719,+2.5%,30.48 sq mi (78.9 km2),"6,448.3/sq mi (2,489.7/km2)","February 15, 1906"
157,Glendora,City,Los Angeles,52558,50073,+5.0%,19.51 sq mi (50.5 km2),"2,693.9/sq mi (1,040.1/km2)","November 13, 1911"
158,Goleta,City,Santa Barbara,32690,29888,+9.4%,7.85 sq mi (20.3 km2),"4,164.3/sq mi (1,607.9/km2)","February 1, 2002"
159,Gonzales,City,Monterey,8647,8187,+5.6%,1.91 sq mi (4.9 km2),"4,527.2/sq mi (1,748.0/km2)","January 14, 1947"
160,Grand Terrace,City,San Bernardino,13150,12040,+9.2%,3.50 sq mi (9.1 km2),"3,757.1/sq mi (1,450.6/km2)","November 30, 1978"
161,Grass Valley,City,Nevada,14016,12860,+9.0%,5.25 sq mi (13.6 km2),"2,669.7/sq mi (1,030.8/km2)","March 13, 1893"
162,Greenfield,City,Monterey,18937,16330,+16.0%,2.91 sq mi (7.5 km2),"6,507.6/sq mi (2,512.6/km2)","January 7, 1947"
163,Gridley,City,Butte,7421,6584,+12.7%,2.09 sq mi (5.4 km2),"3,550.7/sq mi (1,370.9/km2)","November 23, 1905"
164,Grover Beach,City,San Luis Obispo,12701,13156,−3.5%,2.31 sq mi (6.0 km2),"5,498.3/sq mi (2,122.9/km2)","December 21, 1959"
165,Guadalupe,City,Santa Barbara,8057,7080,+13.8%,1.31 sq mi (3.4 km2),"6,150.4/sq mi (2,374.7/km2)","August 3, 1946"
166,Gustine,City,Merced,6110,5520,+10.7%,1.55 sq mi (4.0 km2),"3,941.9/sq mi (1,522.0/km2)","November 11, 1915"
167,Half Moon Bay,City,San Mateo,11795,11324,+4.2%,6.24 sq mi (16.2 km2),"1,890.2/sq mi (729.8/km2)","July 15, 1959"
168,Hanford†,City,Kings,57990,53967,+7.5%,17.40 sq mi (45.1 km2),"3,332.8/sq mi (1,286.8/km2)","August 12, 1891"
169,Hawaiian Gardens,City,Los Angeles,14149,14254,−0.7%,0.95 sq mi (2.5 km2),"14,893.7/sq mi (5,750.5/km2)","April 9, 1964"
170,Hawthorne,City,Los Angeles,88083,84293,+4.5%,6.09 sq mi (15.8 km2),"14,463.5/sq mi (5,584.4/km2)","July 12, 1922"
171,Hayward,City,Alameda,162954,144186,+13.0%,45.82 sq mi (118.7 km2),"3,556.4/sq mi (1,373.1/km2)","March 11, 1876"
172,Healdsburg,City,Sonoma,11340,11254,+0.8%,4.42 sq mi (11.4 km2),"2,565.6/sq mi (990.6/km2)","February 20, 1867"
173,Hemet,City,Riverside,89833,78657,+14.2%,29.28 sq mi (75.8 km2),"3,068.1/sq mi (1,184.6/km2)","January 20, 1910"
174,Hercules,City,Contra Costa,26016,24060,+8.1%,6.41 sq mi (16.6 km2),"4,058.7/sq mi (1,567.1/km2)","December 15, 1900"
175,Hermosa Beach,City,Los Angeles,19728,19506,+1.1%,1.43 sq mi (3.7 km2),"13,795.8/sq mi (5,326.6/km2)","January 14, 1907"
176,Hesperia,City,San Bernardino,99818,90173,+10.7%,72.68 sq mi (188.2 km2),"1,373.4/sq mi (530.3/km2)","July 1, 1988"
177,Hidden Hills,City,Los Angeles,1725,1856,−7.1%,1.69 sq mi (4.4 km2),"1,020.7/sq mi (394.1/km2)","January 19, 1961"
178,Highland,City,San Bernardino,56999,53104,+7.3%,18.57 sq mi (48.1 km2),"3,069.4/sq mi (1,185.1/km2)","November 24, 1987"
179,Hillsborough,Town,San Mateo,11387,10825,+5.2%,6.17 sq mi (16.0 km2),"1,845.5/sq mi (712.6/km2)","May 5, 1910"
180,Hollister†,City,San Benito,41678,34928,+19.3%,7.96 sq mi (20.6 km2),"5,235.9/sq mi (2,021.6/km2)","March 26, 1872"
181,Holtville,City,Imperial,5605,5939,−5.6%,1.15 sq mi (3.0 km2),"4,873.9/sq mi (1,881.8/km2)","July 1, 1908"
182,Hughson,City,Stanislaus,7481,6640,+12.7%,1.91 sq mi (4.9 km2),"3,916.8/sq mi (1,512.3/km2)","December 9, 1972"
183,Huntington Beach,City,Orange,198711,189992,+4.6%,27.00 sq mi (69.9 km2),"7,359.7/sq mi (2,841.6/km2)","February 17, 1909"
184,Huntington Park,City,Los Angeles,54883,58114,−5.6%,3.01 sq mi (7.8 km2),"18,233.6/sq mi (7,040.0/km2)","September 1, 1906"
185,Huron,City,Fresno,6206,6754,−8.1%,1.60 sq mi (4.1 km2),"3,878.8/sq mi (1,497.6/km2)","May 3, 1951"
186,Imperial,City,Imperial,20263,14758,+37.3%,6.29 sq mi (16.3 km2),"3,221.5/sq mi (1,243.8/km2)","July 12, 1904"
187,Imperial Beach,City,San Diego,26137,26324,−0.7%,4.29 sq mi (11.1 km2),"6,092.5/sq mi (2,352.3/km2)","July 18, 1956"
188,Indian Wells,City,Riverside,4757,4958,−4.1%,14.32 sq mi (37.1 km2),332.2/sq mi (128.3/km2),"July 14, 1967"
189,Indio,City,Riverside,89137,76036,+17.2%,33.23 sq mi (86.1 km2),"2,682.4/sq mi (1,035.7/km2)","May 16, 1930"
190,City of Industry,City,Los Angeles,264,219,+20.5%,11.78 sq mi (30.5 km2),22.4/sq mi (8.7/km2),"June 18, 1957"
191,Inglewood,City,Los Angeles,107762,109673,−1.7%,9.07 sq mi (23.5 km2),"11,881.1/sq mi (4,587.3/km2)","February 7, 1908"
192,Ione,City,Amador,5141,7918,−35.1%,4.58 sq mi (11.9 km2),"1,122.5/sq mi (433.4/km2)","March 23, 1953"
193,Irvine,City,Orange,307670,212375,+44.9%,65.61 sq mi (169.9 km2),"4,689.4/sq mi (1,810.6/km2)","December 28, 1971"
194,Irwindale,City,Los Angeles,1472,1422,+3.5%,8.83 sq mi (22.9 km2),166.7/sq mi (64.4/km2),"August 6, 1957"
195,Isleton,City,Sacramento,794,804,−1.2%,0.44 sq mi (1.1 km2),"1,804.5/sq mi (696.7/km2)","May 14, 1923"
196,Jackson†,City,Amador,5019,4651,+7.9%,3.58 sq mi (9.3 km2),"1,402.0/sq mi (541.3/km2)","December 5, 1905"
197,Jurupa Valley,City,Riverside[12],105053,95004,+10.6%,42.94 sq mi (111.2 km2)[12],"2,446.5/sq mi (944.6/km2)","July 1, 2011"
198,Kerman,City,Fresno,16016,13544,+18.3%,3.27 sq mi (8.5 km2),"4,897.9/sq mi (1,891.1/km2)","July 2, 1946"
199,King City,City,Monterey,13332,12874,+3.6%,3.80 sq mi (9.8 km2),"3,508.4/sq mi (1,354.6/km2)","February 9, 1911"
200,Kingsburg,City,Fresno,12380,11382,+8.8%,3.72 sq mi (9.6 km2),"3,328.0/sq mi (1,284.9/km2)","May 29, 1908"
201,La Cañada Flintridge,City,Los Angeles,20573,20246,+1.6%,8.63 sq mi (22.4 km2),"2,383.9/sq mi (920.4/km2)","November 30, 1976"
202,La Habra,City,Orange,63097,60239,+4.7%,7.56 sq mi (19.6 km2),"8,346.2/sq mi (3,222.5/km2)","January 20, 1925"
203,La Habra Heights,City,Los Angeles,5682,5325,+6.7%,6.16 sq mi (16.0 km2),922.4/sq mi (356.1/km2),"December 4, 1978"
204,La Mesa,City,San Diego,61121,57065,+7.1%,9.09 sq mi (23.5 km2),"6,724.0/sq mi (2,596.1/km2)","February 16, 1912"
205,La Mirada,City,Los Angeles,48008,48527,−1.1%,7.82 sq mi (20.3 km2),"6,139.1/sq mi (2,370.3/km2)","March 23, 1960"
206,La Palma,City,Orange,15581,15568,+0.1%,1.78 sq mi (4.6 km2),"8,753.4/sq mi (3,379.7/km2)","October 26, 1955"
207,La Puente,City,Los Angeles,38062,39816,−4.4%,3.48 sq mi (9.0 km2),"10,937.4/sq mi (4,222.9/km2)","August 1, 1956"
208,La Quinta,City,Riverside,37558,37467,+0.2%,35.26 sq mi (91.3 km2),"1,065.2/sq mi (411.3/km2)","May 1, 1982"
209,La Verne,City,Los Angeles,31334,31063,+0.9%,8.42 sq mi (21.8 km2),"3,721.4/sq mi (1,436.8/km2)","August 20, 1906"
210,Lafayette,City,Contra Costa,25391,23893,+6.3%,15.02 sq mi (38.9 km2),"1,690.5/sq mi (652.7/km2)","July 29, 1968"
211,Laguna Beach,City,Orange,23032,22723,+1.4%,8.89 sq mi (23.0 km2),"2,590.8/sq mi (1,000.3/km2)","June 29, 1927"
212,Laguna Hills,City,Orange,31374,30344,+3.4%,6.55 sq mi (17.0 km2),"4,789.9/sq mi (1,849.4/km2)","December 20, 1991"
213,Laguna Niguel,City,Orange,64355,62979,+2.2%,14.74 sq mi (38.2 km2),"4,366.0/sq mi (1,685.7/km2)","December 1, 1989"
214,Laguna Woods,City,Orange,17644,16192,+9.0%,3.34 sq mi (8.7 km2),"5,282.6/sq mi (2,039.6/km2)","March 24, 1999"
215,Lake Elsinore,City,Riverside,70265,51821,+35.6%,38.24 sq mi (99.0 km2),"1,837.5/sq mi (709.5/km2)","April 9, 1888"
216,Lake Forest,City,Orange,85858,77264,+11.1%,16.71 sq mi (43.3 km2),"5,138.1/sq mi (1,983.8/km2)","December 20, 1991"
217,Lakeport†,City,Lake,5026,4753,+5.7%,3.06 sq mi (7.9 km2),"1,642.5/sq mi (634.2/km2)","April 30, 1888"
218,Lakewood,City,Los Angeles,82496,80048,+3.1%,9.40 sq mi (24.3 km2),"8,776.2/sq mi (3,388.5/km2)","April 16, 1954"
219,Lancaster,City,Los Angeles,173516,156633,+10.8%,94.27 sq mi (244.2 km2),"1,840.6/sq mi (710.7/km2)","November 22, 1977"
220,Larkspur,City,Marin,13064,11926,+9.5%,3.00 sq mi (7.8 km2),"4,354.7/sq mi (1,681.3/km2)","March 1, 1908"
221,Lathrop,City,San Joaquin,28701,18023,+59.2%,19.83 sq mi (51.4 km2),"1,447.4/sq mi (558.8/km2)","July 1, 1989"
222,Lawndale,City,Los Angeles,31807,32769,−2.9%,1.97 sq mi (5.1 km2),"16,145.7/sq mi (6,233.9/km2)","December 28, 1959"
223,Lemon Grove,City,San Diego,27627,25320,+9.1%,3.88 sq mi (10.0 km2),"7,120.4/sq mi (2,749.2/km2)","July 1, 1977"
224,Lemoore,City,Kings,27038,24531,+10.2%,8.81 sq mi (22.8 km2),"3,069.0/sq mi (1,185.0/km2)","July 4, 1900"
225,Lincoln,City,Placer,49757,42819,+16.2%,24.17 sq mi (62.6 km2),"2,058.6/sq mi (794.8/km2)","August 7, 1890"
226,Lindsay,City,Tulare,12659,11768,+7.6%,2.72 sq mi (7.0 km2),"4,654.0/sq mi (1,796.9/km2)","February 28, 1910"
227,Live Oak,City,Sutter,9106,8392,+8.5%,3.12 sq mi (8.1 km2),"2,918.6/sq mi (1,126.9/km2)","January 22, 1947"
228,Livermore,City,Alameda,87955,80968,+8.6%,26.45 sq mi (68.5 km2),"3,325.3/sq mi (1,283.9/km2)","April 1, 1876"
229,Livingston,City,Merced,14172,13058,+8.5%,3.68 sq mi (9.5 km2),"3,851.1/sq mi (1,486.9/km2)","September 11, 1922"
230,Lodi,City,San Joaquin,66348,62134,+6.8%,13.64 sq mi (35.3 km2),"4,864.2/sq mi (1,878.1/km2)","December 6, 1906"
231,Loma Linda,City,San Bernardino,24791,23261,+6.6%,7.64 sq mi (19.8 km2),"3,244.9/sq mi (1,252.9/km2)","September 29, 1970"
232,Lomita,City,Los Angeles,20921,20256,+3.3%,1.91 sq mi (4.9 km2),"10,953.4/sq mi (4,229.1/km2)","June 30, 1964"
233,Lompoc,City,Santa Barbara,44444,42434,+4.7%,11.62 sq mi (30.1 km2),"3,824.8/sq mi (1,476.8/km2)","August 13, 1888"
234,Long Beach,City,Los Angeles,466742,462257,+1.0%,50.71 sq mi (131.3 km2),"9,204.1/sq mi (3,553.7/km2)","December 13, 1897"
235,Loomis,Town,Placer,6836,6430,+6.3%,7.27 sq mi (18.8 km2),940.3/sq mi (363.1/km2),"December 17, 1984"
236,Los Alamitos,City,Orange,11780,11449,+2.9%,4.01 sq mi (10.4 km2),"2,937.7/sq mi (1,134.2/km2)","March 1, 1960"
237,Los Altos,City,Santa Clara,31625,28976,+9.1%,6.54 sq mi (16.9 km2),"4,835.6/sq mi (1,867.0/km2)","December 1, 1952"
238,Los Altos Hills,Town,Santa Clara,8489,7922,+7.2%,9.03 sq mi (23.4 km2),940.1/sq mi (363.0/km2),"January 27, 1956"
239,Los Angeles†,City,Los Angeles,3898747,3792621,+2.8%,"469.49 sq mi (1,216.0 km2)","8,304.2/sq mi (3,206.3/km2)","April 4, 1850"
240,Los Banos,City,Merced,45532,35972,+26.6%,9.99 sq mi (25.9 km2),"4,557.8/sq mi (1,759.8/km2)","May 8, 1907"
241,Los Gatos,Town,Santa Clara,33529,29413,+14.0%,11.55 sq mi (29.9 km2),"2,902.9/sq mi (1,120.8/km2)","August 10, 1887"
242,Loyalton,City,Sierra,740,769,−3.8%,0.36 sq mi (0.93 km2),"2,055.6/sq mi (793.7/km2)","July 21, 1901"
243,Lynwood,City,Los Angeles,67265,69772,−3.6%,4.84 sq mi (12.5 km2),"13,897.7/sq mi (5,365.9/km2)","July 21, 1921"
244,Madera†,City,Madera,66224,61416,+7.8%,16.48 sq mi (42.7 km2),"4,018.4/sq mi (1,551.5/km2)","March 27, 1907"
245,Malibu,City,Los Angeles,10654,12645,−15.7%,19.85 sq mi (51.4 km2),536.7/sq mi (207.2/km2),"March 28, 1991"
246,Mammoth Lakes,Town,Mono,7191,8234,−12.7%,24.87 sq mi (64.4 km2),289.1/sq mi (111.6/km2),"August 20, 1984"
247,Manhattan Beach,City,Los Angeles,35506,35135,+1.1%,3.93 sq mi (10.2 km2),"9,034.6/sq mi (3,488.3/km2)","December 12, 1912"
248,Manteca,City,San Joaquin,83498,67096,+24.4%,21.39 sq mi (55.4 km2),"3,903.6/sq mi (1,507.2/km2)","June 5, 1918"
249,Maricopa,City,Kern,1026,1154,−11.1%,1.57 sq mi (4.1 km2),653.5/sq mi (252.3/km2),"July 25, 1911"
250,Marina,City,Monterey,22359,19718,+13.4%,8.91 sq mi (23.1 km2),"2,509.4/sq mi (968.9/km2)","November 13, 1975"
251,Martinez†,City,Contra Costa,37287,35824,+4.1%,12.63 sq mi (32.7 km2),"2,952.3/sq mi (1,139.9/km2)","April 1, 1876"
252,Marysville†,City,Yuba,12844,12072,+6.4%,3.46 sq mi (9.0 km2),"3,712.1/sq mi (1,433.3/km2)","February 5, 1851"
253,Maywood,City,Los Angeles,25138,27395,−8.2%,1.17 sq mi (3.0 km2),"21,485.5/sq mi (8,295.6/km2)","September 2, 1924"
254,McFarland,City,Kern,14161,12707,+11.4%,2.68 sq mi (6.9 km2),"5,284.0/sq mi (2,040.1/km2)","July 18, 1957"
255,Mendota,City,Fresno,12595,11014,+14.4%,3.39 sq mi (8.8 km2),"3,715.3/sq mi (1,434.5/km2)","June 17, 1942"
256,Menifee,City,Riverside,102527,77519,+32.3%,46.48 sq mi (120.4 km2),"2,205.8/sq mi (851.7/km2)","October 1, 2008"
257,Menlo Park,City,San Mateo,33780,32026,+5.5%,9.99 sq mi (25.9 km2),"3,381.4/sq mi (1,305.6/km2)","November 23, 1927"
258,Merced†,City,Merced,86333,78958,+9.3%,23.25 sq mi (60.2 km2),"3,713.2/sq mi (1,433.7/km2)","April 1, 1889"
259,Mill Valley,City,Marin,14231,13903,+2.4%,4.78 sq mi (12.4 km2),"2,977.2/sq mi (1,149.5/km2)","September 1, 1900"
260,Millbrae,City,San Mateo,23216,21532,+7.8%,3.27 sq mi (8.5 km2),"7,099.7/sq mi (2,741.2/km2)","January 14, 1948"
261,Milpitas,City,Santa Clara,80273,66790,+20.2%,13.48 sq mi (34.9 km2),"5,955.0/sq mi (2,299.2/km2)","January 26, 1954"
262,Mission Viejo,City,Orange,93653,93305,+0.4%,17.66 sq mi (45.7 km2),"5,303.1/sq mi (2,047.5/km2)","March 31, 1988"
263,Modesto†,City,Stanislaus,218464,201165,+8.6%,43.05 sq mi (111.5 km2),"5,074.7/sq mi (1,959.3/km2)","August 6, 1884"
264,Monrovia,City,Los Angeles,37931,36590,+3.7%,13.63 sq mi (35.3 km2),"2,782.9/sq mi (1,074.5/km2)","December 15, 1887"
265,Montague,City,Siskiyou,1226,1443,−15.0%,1.78 sq mi (4.6 km2),688.8/sq mi (265.9/km2),"January 28, 1909"
266,Montclair,City,San Bernardino,37865,36664,+3.3%,5.53 sq mi (14.3 km2),"6,847.2/sq mi (2,643.7/km2)","April 25, 1956"
267,Monte Sereno,City,Santa Clara,3479,3341,+4.1%,1.63 sq mi (4.2 km2),"2,134.4/sq mi (824.1/km2)","May 14, 1957"
268,Montebello,City,Los Angeles,62640,62500,+0.2%,8.33 sq mi (21.6 km2),"7,519.8/sq mi (2,903.4/km2)","October 16, 1920"
269,Monterey,City,Monterey,30218,27810,+8.7%,8.65 sq mi (22.4 km2),"3,493.4/sq mi (1,348.8/km2)","June 14, 1890"
270,Monterey Park,City,Los Angeles,61096,60269,+1.4%,7.67 sq mi (19.9 km2),"7,965.6/sq mi (3,075.5/km2)","May 29, 1916"
271,Moorpark,City,Ventura,36284,34421,+5.4%,12.28 sq mi (31.8 km2),"2,954.7/sq mi (1,140.8/km2)","July 1, 1983"
272,Moraga,Town,Contra Costa,16870,16016,+5.3%,9.46 sq mi (24.5 km2),"1,783.3/sq mi (688.5/km2)","November 13, 1974"
273,Moreno Valley,City,Riverside,208634,193365,+7.9%,51.33 sq mi (132.9 km2),"4,064.6/sq mi (1,569.3/km2)","December 3, 1984"
274,Morgan Hill,City,Santa Clara,45483,37882,+20.1%,12.94 sq mi (33.5 km2),"3,514.9/sq mi (1,357.1/km2)","November 10, 1906"
275,Morro Bay,City,San Luis Obispo,10757,10234,+5.1%,5.33 sq mi (13.8 km2),"2,018.2/sq mi (779.2/km2)","July 17, 1964"
276,Mount Shasta,City,Siskiyou,3223,3394,−5.0%,3.77 sq mi (9.8 km2),854.9/sq mi (330.1/km2),"May 31, 1905"
277,Mountain House,City,San Joaquin,24499,9675,+153.2%,4.558 sq mi (11.81 km2),"5,374.9/sq mi (2,075.3/km2)","July 1, 2024"
278,Mountain View,City,Santa Clara,82376,74066,+11.2%,11.96 sq mi (31.0 km2),"6,887.6/sq mi (2,659.3/km2)","November 7, 1902"
279,Murrieta,City,Riverside,110949,103466,+7.2%,33.61 sq mi (87.0 km2),"3,301.1/sq mi (1,274.6/km2)","July 1, 1991"
280,Napa†,City,Napa,79246,76915,+3.0%,18.05 sq mi (46.7 km2),"4,390.4/sq mi (1,695.1/km2)","March 23, 1872"
281,National City,City,San Diego,56173,58582,−4.1%,7.30 sq mi (18.9 km2),"7,694.9/sq mi (2,971.0/km2)","September 17, 1887"
282,Needles,City,San Bernardino,4931,4844,+1.8%,30.58 sq mi (79.2 km2),161.2/sq mi (62.3/km2),"October 30, 1913"
283,Nevada City†,City,Nevada,3152,3068,+2.7%,2.19 sq mi (5.7 km2),"1,439.3/sq mi (555.7/km2)","April 19, 1856"
284,Newark,City,Alameda,47529,42573,+11.6%,13.92 sq mi (36.1 km2),"3,414.4/sq mi (1,318.3/km2)","September 22, 1955"
285,Newman,City,Stanislaus,12351,10224,+20.8%,2.06 sq mi (5.3 km2),"5,995.6/sq mi (2,314.9/km2)","June 10, 1908"
286,Newport Beach,City,Orange,85239,85186,+0.1%,23.79 sq mi (61.6 km2),"3,583.0/sq mi (1,383.4/km2)","September 1, 1906"
287,Norco,City,Riverside,26316,27063,−2.8%,13.86 sq mi (35.9 km2),"1,898.7/sq mi (733.1/km2)","December 28, 1964"
288,Norwalk,City,Los Angeles,102773,105549,−2.6%,9.71 sq mi (25.1 km2),"10,584.2/sq mi (4,086.6/km2)","August 26, 1957"
289,Novato,City,Marin,53225,51904,+2.5%,27.48 sq mi (71.2 km2),"1,936.9/sq mi (747.8/km2)","January 20, 1960"
290,Oakdale,City,Stanislaus,23181,20675,+12.1%,6.23 sq mi (16.1 km2),"3,720.9/sq mi (1,436.6/km2)","November 24, 1906"
291,Oakland†,City,Alameda,440646,390724,+12.8%,55.93 sq mi (144.9 km2),"7,878.5/sq mi (3,041.9/km2)","May 4, 1852"
292,Oakley,City,Contra Costa,43357,35432,+22.4%,15.87 sq mi (41.1 km2),"2,732.0/sq mi (1,054.8/km2)","July 1, 1999"
293,Oceanside,City,San Diego,174068,167086,+4.2%,41.27 sq mi (106.9 km2),"4,217.8/sq mi (1,628.5/km2)","July 3, 1888"
294,Ojai,City,Ventura,7637,7461,+2.4%,4.36 sq mi (11.3 km2),"1,751.6/sq mi (676.3/km2)","August 5, 1921"
295,Ontario,City,San Bernardino,175265,163924,+6.9%,49.97 sq mi (129.4 km2),"3,507.4/sq mi (1,354.2/km2)","December 10, 1891"
296,Orange,City,Orange,139911,134616,+3.9%,25.67 sq mi (66.5 km2),"5,450.4/sq mi (2,104.4/km2)","April 6, 1888"
297,Orange Cove,City,Fresno,9649,9078,+6.3%,1.79 sq mi (4.6 km2),"5,390.5/sq mi (2,081.3/km2)","January 20, 1948"
298,Orinda,City,Contra Costa,19514,17643,+10.6%,12.85 sq mi (33.3 km2),"1,518.6/sq mi (586.3/km2)","July 1, 1985"
299,Orland,City,Glenn,8298,7291,+13.8%,2.99 sq mi (7.7 km2),"2,775.3/sq mi (1,071.5/km2)","November 11, 1909"
300,Oroville†,City,Butte,20042,15546,+28.9%,13.83 sq mi (35.8 km2),"1,449.2/sq mi (559.5/km2)","January 3, 1906"
301,Oxnard,City,Ventura,202063,197899,+2.1%,26.53 sq mi (68.7 km2),"7,616.4/sq mi (2,940.7/km2)","June 30, 1903"
302,Pacific Grove,City,Monterey,15090,15041,+0.3%,2.87 sq mi (7.4 km2),"5,257.8/sq mi (2,030.1/km2)","July 5, 1889"
303,Pacifica,City,San Mateo,38640,37234,+3.8%,12.58 sq mi (32.6 km2),"3,071.5/sq mi (1,185.9/km2)","November 22, 1957"
304,Palm Desert,City,Riverside,51163,48445,+5.6%,26.81 sq mi (69.4 km2),"1,908.4/sq mi (736.8/km2)","November 26, 1973"
305,Palm Springs,City,Riverside,44575,44552,+0.1%,94.55 sq mi (244.9 km2),471.4/sq mi (182.0/km2),"April 20, 1938"
306,Palmdale,City,Los Angeles,169450,152750,+10.9%,106.06 sq mi (274.7 km2),"1,597.7/sq mi (616.9/km2)","August 24, 1962"
307,Palo Alto,City,Santa Clara,68572,64403,+6.5%,24.10 sq mi (62.4 km2),"2,845.3/sq mi (1,098.6/km2)","April 23, 1894"
308,Palos Verdes Estates,City,Los Angeles,13347,13438,−0.7%,4.78 sq mi (12.4 km2),"2,792.3/sq mi (1,078.1/km2)","December 20, 1939"
309,Paradise,Town,Butte,4764,26218,−81.8%,18.32 sq mi (47.4 km2),260.0/sq mi (100.4/km2),"November 27, 1979"
310,Paramount,City,Los Angeles,53733,54098,−0.7%,4.73 sq mi (12.3 km2),"11,360.0/sq mi (4,386.1/km2)","January 30, 1957"
311,Pasadena,City,Los Angeles,138699,137122,+1.2%,22.96 sq mi (59.5 km2),"6,040.9/sq mi (2,332.4/km2)","June 19, 1886"
312,Parlier,City,Fresno,14576,14494,+0.6%,2.41 sq mi (6.2 km2),"6,048.1/sq mi (2,335.2/km2)","November 15, 1921"
313,Paso Robles,City,San Luis Obispo,31490,29793,+5.7%,19.65 sq mi (50.9 km2),"1,602.5/sq mi (618.7/km2)","March 11, 1889"
314,Patterson,City,Stanislaus,23781,20413,+16.5%,7.79 sq mi (20.2 km2),"3,052.8/sq mi (1,178.7/km2)","December 22, 1919"
315,Perris,City,Riverside,78700,68386,+15.1%,31.53 sq mi (81.7 km2),"2,496.0/sq mi (963.7/km2)","May 26, 1911"
316,Petaluma,City,Sonoma,59776,57941,+3.2%,14.42 sq mi (37.3 km2),"4,145.4/sq mi (1,600.5/km2)","April 12, 1858"
317,Pico Rivera,City,Los Angeles,62088,62942,−1.4%,8.32 sq mi (21.5 km2),"7,462.5/sq mi (2,881.3/km2)","January 29, 1958"
318,Piedmont,City,Alameda,11270,10667,+5.7%,1.70 sq mi (4.4 km2),"6,629.4/sq mi (2,559.6/km2)","January 31, 1907"
319,Pinole,City,Contra Costa,19022,18390,+3.4%,5.10 sq mi (13.2 km2),"3,729.8/sq mi (1,440.1/km2)","June 25, 1903"
320,Pismo Beach,City,San Luis Obispo,8072,7655,+5.4%,3.50 sq mi (9.1 km2),"2,306.3/sq mi (890.5/km2)","April 25, 1946"
321,Pittsburg,City,Contra Costa,76416,63264,+20.8%,17.68 sq mi (45.8 km2),"4,322.2/sq mi (1,668.8/km2)","June 25, 1903"
322,Placentia,City,Orange,51824,50533,+2.6%,6.61 sq mi (17.1 km2),"7,840.2/sq mi (3,027.1/km2)","December 2, 1926"
323,Placerville†,City,El Dorado,10747,10389,+3.4%,5.84 sq mi (15.1 km2),"1,840.2/sq mi (710.5/km2)","May 13, 1854"
324,Pleasant Hill,City,Contra Costa,34613,33152,+4.4%,7.08 sq mi (18.3 km2),"4,888.8/sq mi (1,887.6/km2)","November 14, 1961"
325,Pleasanton,City,Alameda,79871,70285,+13.6%,24.14 sq mi (62.5 km2),"3,308.7/sq mi (1,277.5/km2)","June 18, 1894"
326,Plymouth,City,Amador,1078,1005,+7.3%,2.65 sq mi (6.9 km2),406.8/sq mi (157.1/km2),"February 8, 1917"
327,Point Arena,City,Mendocino,460,449,+2.4%,1.37 sq mi (3.5 km2),335.8/sq mi (129.6/km2),"July 11, 1908"
328,Pomona,City,Los Angeles,151713,149058,+1.8%,22.99 sq mi (59.5 km2),"6,599.1/sq mi (2,547.9/km2)","January 6, 1888"
329,Port Hueneme,City,Ventura,21954,21723,+1.1%,4.42 sq mi (11.4 km2),"4,967.0/sq mi (1,917.8/km2)","March 24, 1948"
330,Porterville,City,Tulare,62623,54165,+15.6%,18.65 sq mi (48.3 km2),"3,357.8/sq mi (1,296.5/km2)","May 7, 1902"
331,Portola,City,Plumas,2100,2104,−0.2%,5.41 sq mi (14.0 km2),388.2/sq mi (149.9/km2),"May 16, 1946"
332,Portola Valley,Town,San Mateo,4456,4353,+2.4%,9.08 sq mi (23.5 km2),490.7/sq mi (189.5/km2),"July 14, 1964"
333,Poway,City,San Diego,48841,47811,+2.2%,39.08 sq mi (101.2 km2),"1,249.8/sq mi (482.5/km2)","December 1, 1980"
334,Rancho Cordova,City,Sacramento,79332,64776,+22.5%,34.57 sq mi (89.5 km2),"2,294.8/sq mi (886.0/km2)","July 1, 2003"
335,Rancho Cucamonga,City,San Bernardino,174453,165269,+5.6%,40.11 sq mi (103.9 km2),"4,349.4/sq mi (1,679.3/km2)","November 30, 1977"
336,Rancho Mirage,City,Riverside,16999,17218,−1.3%,25.35 sq mi (65.7 km2),670.6/sq mi (258.9/km2),"August 3, 1973"
337,Rancho Palos Verdes,City,Los Angeles,42287,41643,+1.5%,13.47 sq mi (34.9 km2),"3,139.3/sq mi (1,212.1/km2)","September 7, 1973"
338,Rancho Santa Margarita,City,Orange,47949,47853,+0.2%,12.90 sq mi (33.4 km2),"3,717.0/sq mi (1,435.1/km2)","January 1, 2000"
339,Red Bluff†,City,Tehama,14710,14076,+4.5%,7.56 sq mi (19.6 km2),"1,945.8/sq mi (751.3/km2)","March 31, 1876"
340,Redding†,City,Shasta,93611,89861,+4.2%,59.65 sq mi (154.5 km2),"1,569.3/sq mi (605.9/km2)","October 4, 1887"
341,Redlands,City,San Bernardino,73168,68747,+6.4%,35.99 sq mi (93.2 km2),"2,033.0/sq mi (784.9/km2)","December 3, 1888"
342,Redondo Beach,City,Los Angeles,71576,66747,+7.2%,6.21 sq mi (16.1 km2),"11,525.9/sq mi (4,450.2/km2)","April 29, 1892"
343,Redwood City†,City,San Mateo,84292,76815,+9.7%,19.34 sq mi (50.1 km2),"4,358.4/sq mi (1,682.8/km2)","May 11, 1867"
344,Reedley,City,Fresno,25227,24194,+4.3%,5.51 sq mi (14.3 km2),"4,578.4/sq mi (1,767.7/km2)","February 18, 1913"
345,Rialto,City,San Bernardino,104026,99171,+4.9%,24.09 sq mi (62.4 km2),"4,318.2/sq mi (1,667.3/km2)","November 17, 1911"
346,Richmond,City,Contra Costa,116448,103701,+12.3%,30.05 sq mi (77.8 km2),"3,875.1/sq mi (1,496.2/km2)","August 7, 1905"
347,Ridgecrest,City,Kern,27959,27616,+1.2%,20.86 sq mi (54.0 km2),"1,340.3/sq mi (517.5/km2)","November 29, 1963"
348,Rio Dell,City,Humboldt,3379,3368,+0.3%,2.28 sq mi (5.9 km2),"1,482.0/sq mi (572.2/km2)","February 23, 1965"
349,Rio Vista,City,Solano,10005,7360,+35.9%,6.60 sq mi (17.1 km2),"1,515.9/sq mi (585.3/km2)","January 6, 1894"
350,Ripon,City,San Joaquin,16013,14297,+12.0%,5.33 sq mi (13.8 km2),"3,004.3/sq mi (1,160.0/km2)","November 27, 1945"
351,Riverbank,City,Stanislaus,24865,22678,+9.6%,4.71 sq mi (12.2 km2),"5,279.2/sq mi (2,038.3/km2)","August 23, 1922"
352,Riverside†,City,Riverside,314998,303871,+3.7%,81.23 sq mi (210.4 km2),"3,877.9/sq mi (1,497.2/km2)","October 11, 1883"
353,Rocklin,City,Placer,71601,56974,+25.7%,19.81 sq mi (51.3 km2),"3,614.4/sq mi (1,395.5/km2)","February 24, 1893"
354,Rohnert Park,City,Sonoma,44390,40971,+8.3%,7.29 sq mi (18.9 km2),"6,089.2/sq mi (2,351.0/km2)","August 28, 1962"
355,Rolling Hills,City,Los Angeles,1739,1860,−6.5%,2.99 sq mi (7.7 km2),581.6/sq mi (224.6/km2),"January 24, 1957"
356,Rolling Hills Estates,City,Los Angeles,8280,8067,+2.6%,3.58 sq mi (9.3 km2),"2,312.8/sq mi (893.0/km2)","September 18, 1957"
357,Rosemead,City,Los Angeles,51185,53764,−4.8%,5.16 sq mi (13.4 km2),"9,919.6/sq mi (3,830.0/km2)","August 4, 1959"
358,Roseville,City,Placer,147773,118788,+24.4%,44.08 sq mi (114.2 km2),"3,352.4/sq mi (1,294.4/km2)","April 10, 1909"
359,Ross,Town,Marin,2338,2415,−3.2%,1.56 sq mi (4.0 km2),"1,498.7/sq mi (578.7/km2)","August 21, 1908"
360,Sacramento‡,City,Sacramento,524943,466488,+12.5%,98.61 sq mi (255.4 km2),"5,323.4/sq mi (2,055.4/km2)","February 27, 1850"
361,St. Helena,City,Napa,5430,5814,−6.6%,4.96 sq mi (12.8 km2),"1,094.8/sq mi (422.7/km2)","March 24, 1876"
362,Salinas†,City,Monterey,163542,150441,+8.7%,23.52 sq mi (60.9 km2),"6,953.3/sq mi (2,684.7/km2)","March 4, 1874"
363,San Anselmo,Town,Marin,12830,12336,+4.0%,2.68 sq mi (6.9 km2),"4,787.3/sq mi (1,848.4/km2)","April 9, 1907"
364,San Bernardino†,City,San Bernardino,222101,209924,+5.8%,62.13 sq mi (160.9 km2),"3,574.8/sq mi (1,380.2/km2)","August 10, 1869"
365,San Bruno,City,San Mateo,43908,41114,+6.8%,5.49 sq mi (14.2 km2),"7,997.8/sq mi (3,088.0/km2)","December 23, 1914"
366,San Carlos,City,San Mateo,30722,28406,+8.2%,5.41 sq mi (14.0 km2),"5,678.7/sq mi (2,192.6/km2)","July 8, 1925"
367,San Clemente,City,Orange,64293,63522,+1.2%,18.36 sq mi (47.6 km2),"3,501.8/sq mi (1,352.1/km2)","February 28, 1928"
368,San Diego†,City,San Diego,1386932,1307402,+6.1%,325.88 sq mi (844.0 km2),"4,256.0/sq mi (1,643.2/km2)","March 27, 1850"
369,San Dimas,City,Los Angeles,34924,33371,+4.7%,15.03 sq mi (38.9 km2),"2,323.6/sq mi (897.2/km2)","August 4, 1960"
370,San Fernando,City,Los Angeles,23946,23645,+1.3%,2.37 sq mi (6.1 km2),"10,103.8/sq mi (3,901.1/km2)","August 31, 1911"
371,San Francisco†,City and county,San Francisco,873965,805235,+8.5%,46.91 sq mi (121.5 km2),"18,630.7/sq mi (7,193.3/km2)","April 15, 1850[13]"
372,San Gabriel,City,Los Angeles,39568,39718,−0.4%,4.14 sq mi (10.7 km2),"9,557.5/sq mi (3,690.2/km2)","April 24, 1913"
373,San Jacinto,City,Riverside,53898,44199,+21.9%,25.96 sq mi (67.2 km2),"2,076.2/sq mi (801.6/km2)","April 20, 1888"
374,San Joaquin,City,Fresno,3701,4001,−7.5%,1.20 sq mi (3.1 km2),"3,084.2/sq mi (1,190.8/km2)","February 14, 1920"
375,San Jose†,City,Santa Clara,1013240,945942,+7.1%,178.26 sq mi (461.7 km2),"5,684.1/sq mi (2,194.6/km2)","March 27, 1850"
376,San Juan Bautista,City,San Benito,2089,1862,+12.2%,0.79 sq mi (2.0 km2),"2,644.3/sq mi (1,021.0/km2)","May 4, 1896"
377,San Juan Capistrano,City,Orange,35196,34593,+1.7%,14.43 sq mi (37.4 km2),"2,439.1/sq mi (941.7/km2)","April 19, 1961"
378,San Leandro,City,Alameda,91008,84950,+7.1%,13.32 sq mi (34.5 km2),"6,832.4/sq mi (2,638.0/km2)","March 21, 1872"
379,San Luis Obispo†,City,San Luis Obispo,47063,45119,+4.3%,13.31 sq mi (34.5 km2),"3,535.9/sq mi (1,365.2/km2)","February 16, 1856"
380,San Marcos,City,San Diego,94833,83781,+13.2%,24.36 sq mi (63.1 km2),"3,893.0/sq mi (1,503.1/km2)","January 28, 1963"
381,San Marino,City,Los Angeles,12513,13147,−4.8%,3.77 sq mi (9.8 km2),"3,319.1/sq mi (1,281.5/km2)","April 25, 1913"
382,San Mateo,City,San Mateo,105661,97207,+8.7%,12.13 sq mi (31.4 km2),"8,702.5/sq mi (3,360.0/km2)","September 4, 1894"
383,San Pablo,City,Contra Costa,32127,29139,+10.3%,2.62 sq mi (6.8 km2),"12,262.2/sq mi (4,734.5/km2)","April 27, 1948"
384,San Rafael†,City,Marin,61271,57713,+6.2%,16.59 sq mi (43.0 km2),"3,693.2/sq mi (1,426.0/km2)","February 18, 1874"
385,San Ramon,City,Contra Costa,84605,72148,+17.3%,18.69 sq mi (48.4 km2),"4,526.8/sq mi (1,747.8/km2)","July 1, 1983"
386,Sand City,City,Monterey,325,334,−2.7%,0.55 sq mi (1.4 km2),590.9/sq mi (228.2/km2),"May 31, 1960"
387,Sanger,City,Fresno,26617,24270,+9.7%,5.77 sq mi (14.9 km2),"4,613.0/sq mi (1,781.1/km2)","May 9, 1911"
388,Santa Ana†,City,Orange,310227,324528,−4.4%,27.34 sq mi (70.8 km2),"11,347.0/sq mi (4,381.1/km2)","June 1, 1886"
389,Santa Barbara†,City,Santa Barbara,88665,88410,+0.3%,19.51 sq mi (50.5 km2),"4,544.6/sq mi (1,754.7/km2)","April 9, 1850"
390,Santa Clara,City,Santa Clara,127647,116468,+9.6%,18.28 sq mi (47.3 km2),"6,982.9/sq mi (2,696.1/km2)","July 5, 1852"
391,Santa Clarita,City,Los Angeles,228673,176320,+29.7%,70.75 sq mi (183.2 km2),"3,232.1/sq mi (1,247.9/km2)","December 15, 1987"
392,Santa Cruz†,City,Santa Cruz,62956,59946,+5.0%,12.74 sq mi (33.0 km2),"4,941.6/sq mi (1,908.0/km2)","March 31, 1866"
393,Santa Fe Springs,City,Los Angeles,19219,16223,+18.5%,8.86 sq mi (22.9 km2),"2,169.2/sq mi (837.5/km2)","May 15, 1957"
394,Santa Maria,City,Santa Barbara,109707,99553,+10.2%,22.81 sq mi (59.1 km2),"4,809.6/sq mi (1,857.0/km2)","September 12, 1905"
395,Santa Monica,City,Los Angeles,93076,89736,+3.7%,8.41 sq mi (21.8 km2),"11,067.3/sq mi (4,273.1/km2)","November 30, 1886"
396,Santa Paula,City,Ventura,30657,29321,+4.6%,5.53 sq mi (14.3 km2),"5,543.8/sq mi (2,140.5/km2)","April 22, 1902"
397,Santa Rosa†,City,Sonoma,178127,167815,+6.1%,42.53 sq mi (110.2 km2),"4,188.3/sq mi (1,617.1/km2)","March 26, 1868"
398,Santee,City,San Diego,60037,53413,+12.4%,16.54 sq mi (42.8 km2),"3,629.8/sq mi (1,401.5/km2)","December 1, 1980"
399,Saratoga,City,Santa Clara,31051,29926,+3.8%,12.78 sq mi (33.1 km2),"2,429.7/sq mi (938.1/km2)","October 22, 1956"
400,Sausalito,City,Marin,7269,7061,+2.9%,1.76 sq mi (4.6 km2),"4,130.1/sq mi (1,594.6/km2)","September 4, 1893"
401,Scotts Valley,City,Santa Cruz,12224,11580,+5.6%,4.62 sq mi (12.0 km2),"2,645.9/sq mi (1,021.6/km2)","August 2, 1966"
402,Seal Beach,City,Orange,25242,24168,+4.4%,11.27 sq mi (29.2 km2),"2,239.8/sq mi (864.8/km2)","October 27, 1915"
403,Seaside,City,Monterey,32366,33025,−2.0%,8.92 sq mi (23.1 km2),"3,628.5/sq mi (1,401.0/km2)","October 13, 1954"
404,Sebastopol,City,Sonoma,7521,7379,+1.9%,1.88 sq mi (4.9 km2),"4,000.5/sq mi (1,544.6/km2)","June 13, 1902"
405,Selma,City,Fresno,24674,23219,+6.3%,5.81 sq mi (15.0 km2),"4,246.8/sq mi (1,639.7/km2)","March 15, 1893"
406,Shafter,City,Kern,19953,16988,+17.5%,38.70 sq mi (100.2 km2),515.6/sq mi (199.1/km2),"January 20, 1938"
407,Shasta Lake,City,Shasta,10371,10164,+2.0%,10.92 sq mi (28.3 km2),949.7/sq mi (366.7/km2),"July 2, 1993"
408,Sierra Madre,City,Los Angeles,11268,10917,+3.2%,2.95 sq mi (7.6 km2),"3,819.7/sq mi (1,474.8/km2)","February 2, 1907"
409,Signal Hill,City,Los Angeles,11848,11016,+7.6%,2.19 sq mi (5.7 km2),"5,410.0/sq mi (2,088.8/km2)","April 22, 1924"
410,Simi Valley,City,Ventura,126356,124237,+1.7%,41.55 sq mi (107.6 km2),"3,041.1/sq mi (1,174.2/km2)","October 10, 1969"
411,Solana Beach,City,San Diego,12941,12867,+0.6%,3.41 sq mi (8.8 km2),"3,795.0/sq mi (1,465.3/km2)","July 1, 1986"
412,Soledad,City,Monterey,24925,25738,−3.2%,4.46 sq mi (11.6 km2),"5,588.6/sq mi (2,157.8/km2)","March 9, 1921"
413,Solvang,City,Santa Barbara,6126,5245,+16.8%,2.43 sq mi (6.3 km2),"2,521.0/sq mi (973.4/km2)","May 1, 1985"
414,Sonoma,City,Sonoma,10739,10648,+0.9%,2.74 sq mi (7.1 km2),"3,919.3/sq mi (1,513.3/km2)","September 3, 1883"
415,Sonora†,City,Tuolumne,5003,4903,+2.0%,3.16 sq mi (8.2 km2),"1,583.2/sq mi (611.3/km2)","May 1, 1851"
416,South El Monte,City,Los Angeles,19567,20116,−2.7%,2.84 sq mi (7.4 km2),"6,889.8/sq mi (2,660.2/km2)","July 30, 1958"
417,South Gate,City,Los Angeles,92726,94396,−1.8%,7.24 sq mi (18.8 km2),"12,807.5/sq mi (4,945.0/km2)","January 20, 1923"
418,South Lake Tahoe,City,El Dorado,21330,21403,−0.3%,10.19 sq mi (26.4 km2),"2,093.2/sq mi (808.2/km2)","November 30, 1965"
419,South Pasadena,City,Los Angeles,26943,25619,+5.2%,3.41 sq mi (8.8 km2),"7,901.2/sq mi (3,050.7/km2)","March 2, 1888"
420,South San Francisco,City,San Mateo,66105,63632,+3.9%,9.20 sq mi (23.8 km2),"7,185.3/sq mi (2,774.3/km2)","September 19, 1908"
421,Stanton,City,Orange,37962,38186,−0.6%,3.10 sq mi (8.0 km2),"12,245.8/sq mi (4,728.1/km2)","June 4, 1956"
422,Stockton†,City,San Joaquin,320804,291707,+10.0%,62.21 sq mi (161.1 km2),"5,156.8/sq mi (1,991.0/km2)","July 23, 1850"
423,Suisun City,City,Solano,29518,28111,+5.0%,4.01 sq mi (10.4 km2),"7,361.1/sq mi (2,842.1/km2)","October 9, 1868"
424,Sunnyvale,City,Santa Clara,155805,140081,+11.2%,22.06 sq mi (57.1 km2),"7,062.8/sq mi (2,727.0/km2)","December 24, 1912"
425,Susanville†,City,Lassen,16728,17947,−6.8%,7.92 sq mi (20.5 km2),"2,112.1/sq mi (815.5/km2)","August 24, 1900"
426,Sutter Creek,City,Amador,2646,2501,+5.8%,2.70 sq mi (7.0 km2),980.0/sq mi (378.4/km2),"February 11, 1913"
427,Taft,City,Kern,8546,9327,−8.4%,15.27 sq mi (39.5 km2),559.7/sq mi (216.1/km2),"November 7, 1910"
428,Tehachapi,City,Kern,12939,14414,−10.2%,10.26 sq mi (26.6 km2),"1,261.1/sq mi (486.9/km2)","August 13, 1909"
429,Tehama,City,Tehama,435,418,+4.1%,0.79 sq mi (2.0 km2),550.6/sq mi (212.6/km2),"July 5, 1906"
430,Temecula,City,Riverside,110003,100097,+9.9%,37.27 sq mi (96.5 km2),"2,951.5/sq mi (1,139.6/km2)","December 1, 1989"
431,Temple City,City,Los Angeles,36494,35558,+2.6%,4.00 sq mi (10.4 km2),"9,123.5/sq mi (3,522.6/km2)","May 25, 1960"
432,Thousand Oaks,City,Ventura,126966,126683,+0.2%,55.26 sq mi (143.1 km2),"2,297.6/sq mi (887.1/km2)","October 7, 1964"
433,Tiburon,Town,Marin,9146,8962,+2.1%,4.48 sq mi (11.6 km2),"2,041.5/sq mi (788.2/km2)","June 23, 1964"
434,Torrance,City,Los Angeles,147067,145538,+1.1%,20.52 sq mi (53.1 km2),"7,167.0/sq mi (2,767.2/km2)","May 21, 1921"
435,Tracy,City,San Joaquin,93000,82922,+12.2%,25.89 sq mi (67.1 km2),"3,592.1/sq mi (1,386.9/km2)","July 22, 1910"
436,Trinidad,City,Humboldt,307,367,−16.3%,0.49 sq mi (1.3 km2),626.5/sq mi (241.9/km2),"November 7, 1870"
437,Truckee,Town,Nevada,16729,16180,+3.4%,32.33 sq mi (83.7 km2),517.4/sq mi (199.8/km2),"March 23, 1993"
438,Tulare,City,Tulare,68875,59278,+16.2%,20.39 sq mi (52.8 km2),"3,377.9/sq mi (1,304.2/km2)","April 5, 1888"
439,Tulelake,City,Siskiyou,902,1010,−10.7%,0.41 sq mi (1.1 km2),"2,200.0/sq mi (849.4/km2)","March 1, 1937"
440,Turlock,City,Stanislaus,72740,68549,+6.1%,16.91 sq mi (43.8 km2),"4,301.6/sq mi (1,660.9/km2)","February 15, 1908"
441,Tustin,City,Orange,80276,75540,+6.3%,11.16 sq mi (28.9 km2),"7,193.2/sq mi (2,777.3/km2)","September 21, 1927"
442,Twentynine Palms,City,San Bernardino,28065,25048,+12.0%,58.75 sq mi (152.2 km2),477.7/sq mi (184.4/km2),"November 23, 1987"
443,Ukiah†,City,Mendocino,16607,16075,+3.3%,4.78 sq mi (12.4 km2),"3,474.3/sq mi (1,341.4/km2)","March 8, 1876"
444,Union City,City,Alameda,70143,69516,+0.9%,19.18 sq mi (49.7 km2),"3,657.1/sq mi (1,412.0/km2)","January 26, 1959"
445,Upland,City,San Bernardino,79040,73732,+7.2%,15.58 sq mi (40.4 km2),"5,073.2/sq mi (1,958.8/km2)","May 15, 1906"
446,Vacaville,City,Solano,102386,92428,+10.8%,29.87 sq mi (77.4 km2),"3,427.7/sq mi (1,323.5/km2)","August 9, 1892"
447,Vallejo,City,Solano,126090,115942,+8.8%,30.42 sq mi (78.8 km2),"4,145.0/sq mi (1,600.4/km2)","March 30, 1868"
448,Ventura†,City,Ventura,110763,106433,+4.1%,21.89 sq mi (56.7 km2),"5,060.0/sq mi (1,953.7/km2)","April 2, 1866"
449,Vernon,City,Los Angeles,222,112,+98.2%,4.98 sq mi (12.9 km2),44.6/sq mi (17.2/km2),"September 22, 1905"
450,Victorville,City,San Bernardino,134810,115903,+16.3%,73.71 sq mi (190.9 km2),"1,828.9/sq mi (706.2/km2)","September 21, 1962"
451,Villa Park,City,Orange,5843,5812,+0.5%,2.08 sq mi (5.4 km2),"2,809.1/sq mi (1,084.6/km2)","January 11, 1962"
452,Visalia†,City,Tulare,141384,124442,+13.6%,37.94 sq mi (98.3 km2),"3,726.5/sq mi (1,438.8/km2)","February 27, 1874"
453,Vista,City,San Diego,98381,93834,+4.8%,18.75 sq mi (48.6 km2),"5,247.0/sq mi (2,025.9/km2)","January 28, 1963"
454,Walnut,City,Los Angeles,28430,29172,−2.5%,8.99 sq mi (23.3 km2),"3,162.4/sq mi (1,221.0/km2)","January 19, 1959"
455,Walnut Creek,City,Contra Costa,70127,64173,+9.3%,19.76 sq mi (51.2 km2),"3,548.9/sq mi (1,370.3/km2)","October 21, 1914"
456,Wasco,City,Kern,27047,25545,+5.9%,9.39 sq mi (24.3 km2),"2,880.4/sq mi (1,112.1/km2)","December 22, 1945"
457,Waterford,City,Stanislaus,9120,8456,+7.9%,2.36 sq mi (6.1 km2),"3,864.4/sq mi (1,492.1/km2)","November 7, 1969"
458,Watsonville,City,Santa Cruz,52590,51199,+2.7%,6.71 sq mi (17.4 km2),"7,837.6/sq mi (3,026.1/km2)","March 30, 1868"
459,Weed,City,Siskiyou,2862,2967,−3.5%,4.82 sq mi (12.5 km2),593.8/sq mi (229.3/km2),"January 25, 1961"
460,West Covina,City,Los Angeles,109501,106098,+3.2%,16.04 sq mi (41.5 km2),"6,826.7/sq mi (2,635.8/km2)","February 17, 1923"
461,West Hollywood,City,Los Angeles,35757,34399,+3.9%,1.89 sq mi (4.9 km2),"18,919.0/sq mi (7,304.7/km2)","November 29, 1984"
462,West Sacramento,City,Yolo,53915,48744,+10.6%,21.47 sq mi (55.6 km2),"2,511.2/sq mi (969.6/km2)","January 1, 1987"
463,Westlake Village,City,Los Angeles,8029,8270,−2.9%,5.19 sq mi (13.4 km2),"1,547.0/sq mi (597.3/km2)","December 11, 1981"
464,Westminster,City,Orange,90911,89701,+1.3%,10.04 sq mi (26.0 km2),"9,054.9/sq mi (3,496.1/km2)","March 27, 1957"
465,Westmorland,City,Imperial,2014,2225,−9.5%,0.59 sq mi (1.5 km2),"3,413.6/sq mi (1,318.0/km2)","June 30, 1934"
466,Wheatland,City,Yuba,3712,3456,+7.4%,8.12 sq mi (21.0 km2),457.1/sq mi (176.5/km2),"April 23, 1874"
467,Whittier,City,Los Angeles,87306,85331,+2.3%,14.65 sq mi (37.9 km2),"5,959.5/sq mi (2,301.0/km2)","February 25, 1898"
468,Wildomar,City,Riverside,36875,32176,+14.6%,23.70 sq mi (61.4 km2),"1,555.9/sq mi (600.7/km2)","July 1, 2008"
469,Williams,City,Colusa,5538,5123,+8.1%,4.95 sq mi (12.8 km2),"1,118.8/sq mi (432.0/km2)","May 17, 1920"
470,Willits,City,Mendocino,4988,4888,+2.0%,2.82 sq mi (7.3 km2),"1,768.8/sq mi (682.9/km2)","November 19, 1888"
471,Willows†,City,Glenn,6293,6166,+2.1%,2.84 sq mi (7.4 km2),"2,215.8/sq mi (855.5/km2)","January 16, 1886"
472,Windsor,Town,Sonoma,26344,26801,−1.7%,7.44 sq mi (19.3 km2),"3,540.9/sq mi (1,367.1/km2)","July 1, 1992"
473,Winters,City,Yolo,7115,6624,+7.4%,2.94 sq mi (7.6 km2),"2,420.1/sq mi (934.4/km2)","February 9, 1898"
474,Woodlake,City,Tulare,7419,7279,+1.9%,2.61 sq mi (6.8 km2),"2,842.5/sq mi (1,097.5/km2)","September 23, 1941"
475,Woodland†,City,Yolo,61032,55468,+10.0%,15.32 sq mi (39.7 km2),"3,983.8/sq mi (1,538.2/km2)","February 22, 1871"
476,Woodside,Town,San Mateo,5309,5287,+0.4%,11.47 sq mi (29.7 km2),462.9/sq mi (178.7/km2),"November 16, 1956"
477,Yorba Linda,City,Orange,68336,64234,+6.4%,19.95 sq mi (51.7 km2),"3,425.4/sq mi (1,322.5/km2)","November 2, 1967"
478,Yountville,Town,Napa,3436,2933,+17.1%,1.49 sq mi (3.9 km2),"2,306.0/sq mi (890.4/km2)","February 4, 1965"
479,Yreka†,City,Siskiyou,7807,7765,+0.5%,9.99 sq mi (25.9 km2),781.5/sq mi (301.7/km2),"April 21, 1857"
480,Yuba City†,City,Sutter,70117,64925,+8.0%,14.98 sq mi (38.8 km2),"4,680.7/sq mi (1,807.2/km2)","January 23, 1908"
481,Yucaipa,City,San Bernardino,54542,51367,+6.2%,28.27 sq mi (73.2 km2),"1,929.3/sq mi (744.9/km2)","November 27, 1989"
482,Yucca Valley,Town,San Bernardino,21738,20700,+5.0%,39.83 sq mi (103.2 km2),545.8/sq mi (210.7/km2),"November 27, 1991"
